{
    "page_size": [595.2755905511812, 841.8897637795277],
    "margin": 5,
    "margin_left": 5,
    "column_left_width": 70,
    "photo_size": 30,
    "photo_top_padding_mm": 10
}
